<addon id="plugin.program.QWERXX" name="QWER WIZARD" version="1.1.1" provider-name="QWER">
  <requires>
    <import addon="xbmc.python" version="2.1.0"/>
  </requires>
  <extension point="xbmc.python.pluginsource" library="default.py">
    <provides>executable</provides>
  </extension>
  <extension point="xbmc.service" library="startup.py" start="startup" />
  <extension point="xbmc.addon.metadata">
    <summary lang="en">QWER WIZARD</summary>
    <description lang="en"></description>
    <platform>all</platform>
	<news></news>
  </extension>
</addon>